<?xml version="1.0" encoding="UTF-8"?>
<GenRun Id="impl_1" LaunchPart="xc7a35tcpg236-1" LaunchTime="1680020954">
  <File Type="ROUTE-DCP" Name="TeamTask_routed.dcp"/>
  <File Type="ROUTE-ERROR-DCP" Name="TeamTask_routed_error.dcp"/>
  <File Type="PHYSOPT-DCP" Name="TeamTask_physopt.dcp"/>
  <File Type="ROUTE-DRC-PB" Name="TeamTask_drc_routed.pb"/>
  <File Type="BG-BIN" Name="TeamTask.bin"/>
  <File Type="POSTPLACE-PWROPT-DCP" Name="TeamTask_postplace_pwropt.dcp"/>
  <File Type="ROUTE-DRC" Name="TeamTask_drc_routed.rpt"/>
  <File Type="ROUTE-BLACKBOX-DCP" Name="TeamTask_routed_bb.dcp"/>
  <File Type="BG-BGN" Name="TeamTask.bgn"/>
  <File Type="PLACE-UTIL-PB" Name="TeamTask_utilization_placed.pb"/>
  <File Type="PLACE-UTIL" Name="TeamTask_utilization_placed.rpt"/>
  <File Type="BITSTR-MSK" Name="TeamTask.msk"/>
  <File Type="PA-TCL" Name="TeamTask.tcl"/>
  <File Type="ROUTE-BUS-SKEW-PB" Name="TeamTask_bus_skew_routed.pb"/>
  <File Type="ROUTE-PWR-RPX" Name="TeamTask_power_routed.rpx"/>
  <File Type="ROUTE-STATUS" Name="TeamTask_route_status.rpt"/>
  <File Type="ROUTE-TIMING-PB" Name="TeamTask_timing_summary_routed.pb"/>
  <File Type="ROUTE-TIMING-RPX" Name="TeamTask_timing_summary_routed.rpx"/>
  <File Type="BITSTR-RBT" Name="TeamTask.rbt"/>
  <File Type="ROUTE-CLK" Name="TeamTask_clock_utilization_routed.rpt"/>
  <File Type="BITSTR-BMM" Name="TeamTask_bd.bmm"/>
  <File Type="ROUTE-BUS-SKEW" Name="TeamTask_bus_skew_routed.rpt"/>
  <File Type="BITSTR-MMI" Name="TeamTask.mmi"/>
  <File Type="POSTROUTE-PHYSOPT-DCP" Name="TeamTask_postroute_physopt.dcp"/>
  <File Type="ROUTE-STATUS-PB" Name="TeamTask_route_status.pb"/>
  <File Type="BG-BIT" Name="TeamTask.bit"/>
  <File Type="ROUTE-METHODOLOGY-DRC" Name="TeamTask_methodology_drc_routed.rpt"/>
  <File Type="BG-DRC" Name="TeamTask.drc"/>
  <File Type="ROUTE-METHODOLOGY-DRC-RPX" Name="TeamTask_methodology_drc_routed.rpx"/>
  <File Type="RDI-RDI" Name="TeamTask.vdi"/>
  <File Type="WBT-USG" Name="usage_statistics_webtalk.html"/>
  <File Type="ROUTE-TIMINGSUMMARY" Name="TeamTask_timing_summary_routed.rpt"/>
  <File Type="BITSTR-NKY" Name="TeamTask.nky"/>
  <File Type="POSTROUTE-PHYSOPT-BLACKBOX-DCP" Name="TeamTask_postroute_physopt_bb.dcp"/>
  <File Type="ROUTE-METHODOLOGY-DRC-PB" Name="TeamTask_methodology_drc_routed.pb"/>
  <File Type="BITSTR-SYSDEF" Name="TeamTask.sysdef"/>
  <File Type="ROUTE-DRC-RPX" Name="TeamTask_drc_routed.rpx"/>
  <File Type="BITSTR-LTX" Name="TeamTask.ltx"/>
  <File Type="REPORTS-TCL" Name="TeamTask_reports.tcl"/>
  <File Type="ROUTE-BUS-SKEW-RPX" Name="TeamTask_bus_skew_routed.rpx"/>
  <File Type="PLACE-IO" Name="TeamTask_io_placed.rpt"/>
  <File Type="PWROPT-DCP" Name="TeamTask_pwropt.dcp"/>
  <File Type="OPT-HWDEF" Name="TeamTask.hwdef"/>
  <File Type="PLACE-DCP" Name="TeamTask_placed.dcp"/>
  <File Type="ROUTE-PWR-SUM" Name="TeamTask_power_summary_routed.pb"/>
  <File Type="OPT-DRC" Name="TeamTask_drc_opted.rpt"/>
  <File Type="PLACE-CTRL" Name="TeamTask_control_sets_placed.rpt"/>
  <File Type="PLACE-PRE-SIMILARITY" Name="TeamTask_incremental_reuse_pre_placed.rpt"/>
  <File Type="OPT-DCP" Name="TeamTask_opt.dcp"/>
  <File Type="ROUTE-PWR" Name="TeamTask_power_routed.rpt"/>
  <FileSet Name="sources" Type="DesignSrcs" RelSrcDir="$PSRCDIR/sources_1">
    <Filter Type="Srcs"/>
    <File Path="$PSRCDIR/sources_1/imports/Desktop/Oled_Display.v">
      <FileInfo>
        <Attr Name="ImportPath" Val="$PPRDIR/../../../../../../Oled_Display.v"/>
        <Attr Name="ImportTime" Val="1570395512"/>
        <Attr Name="UsedIn" Val="synthesis"/>
        <Attr Name="UsedIn" Val="implementation"/>
        <Attr Name="UsedIn" Val="simulation"/>
      </FileInfo>
    </File>
    <File Path="$PSRCDIR/sources_1/new/TeamBeeper.v">
      <FileInfo>
        <Attr Name="ImportPath" Val="$PPRDIR/../../../../Desktop/TeamTaskCompleted/MAD-2026/MouseAudioDisplay.srcs/sources_1/new/TeamBeeper.v"/>
        <Attr Name="ImportTime" Val="1680016834"/>
        <Attr Name="UsedIn" Val="synthesis"/>
        <Attr Name="UsedIn" Val="implementation"/>
        <Attr Name="UsedIn" Val="simulation"/>
      </FileInfo>
    </File>
    <File Path="$PSRCDIR/sources_1/new/ThousandHz.v">
      <FileInfo>
        <Attr Name="ImportPath" Val="$PPRDIR/../../../../Desktop/TeamTaskCompleted/MAD-2026/MouseAudioDisplay.srcs/sources_1/new/ThousandHz.v"/>
        <Attr Name="ImportTime" Val="1680005190"/>
        <Attr Name="UsedIn" Val="synthesis"/>
        <Attr Name="UsedIn" Val="implementation"/>
        <Attr Name="UsedIn" Val="simulation"/>
      </FileInfo>
    </File>
    <File Path="$PSRCDIR/sources_1/new/clk.v">
      <FileInfo>
        <Attr Name="ImportPath" Val="$PPRDIR/../../../../Desktop/TeamTaskCompleted/MAD-2026/MouseAudioDisplay.srcs/sources_1/new/clk.v"/>
        <Attr Name="ImportTime" Val="1680005190"/>
        <Attr Name="UsedIn" Val="synthesis"/>
        <Attr Name="UsedIn" Val="implementation"/>
        <Attr Name="UsedIn" Val="simulation"/>
      </FileInfo>
    </File>
    <File Path="$PSRCDIR/sources_1/new/clocks.v">
      <FileInfo>
        <Attr Name="ImportPath" Val="$PPRDIR/../../../../Desktop/TeamTaskCompleted/MAD-2026/MouseAudioDisplay.srcs/sources_1/new/clocks.v"/>
        <Attr Name="ImportTime" Val="1680005190"/>
        <Attr Name="UsedIn" Val="synthesis"/>
        <Attr Name="UsedIn" Val="implementation"/>
        <Attr Name="UsedIn" Val="simulation"/>
      </FileInfo>
    </File>
    <File Path="$PSRCDIR/sources_1/new/convertXY.v">
      <FileInfo>
        <Attr Name="ImportPath" Val="$PPRDIR/../../../../Desktop/TeamTaskCompleted/MAD-2026/MouseAudioDisplay.srcs/sources_1/new/convertXY.v"/>
        <Attr Name="ImportTime" Val="1680005190"/>
        <Attr Name="UsedIn" Val="synthesis"/>
        <Attr Name="UsedIn" Val="implementation"/>
        <Attr Name="UsedIn" Val="simulation"/>
      </FileInfo>
    </File>
    <File Path="$PSRCDIR/sources_1/new/debouncer.v">
      <FileInfo>
        <Attr Name="ImportPath" Val="$PPRDIR/../../../../Desktop/TeamTaskCompleted/MAD-2026/MouseAudioDisplay.srcs/sources_1/new/debouncer.v"/>
        <Attr Name="ImportTime" Val="1680005190"/>
        <Attr Name="UsedIn" Val="synthesis"/>
        <Attr Name="UsedIn" Val="implementation"/>
        <Attr Name="UsedIn" Val="simulation"/>
      </FileInfo>
    </File>
    <File Path="$PSRCDIR/sources_1/new/handleClick.v">
      <FileInfo>
        <Attr Name="ImportPath" Val="$PPRDIR/../../../../Desktop/TeamTaskCompleted/MAD-2026/MouseAudioDisplay.srcs/sources_1/new/handleClick.v"/>
        <Attr Name="ImportTime" Val="1680005190"/>
        <Attr Name="UsedIn" Val="synthesis"/>
        <Attr Name="UsedIn" Val="implementation"/>
        <Attr Name="UsedIn" Val="simulation"/>
      </FileInfo>
    </File>
    <File Path="$PSRCDIR/sources_1/new/mouseDisplay.v">
      <FileInfo>
        <Attr Name="ImportPath" Val="$PPRDIR/../../../../Desktop/TeamTaskCompleted/MAD-2026/MouseAudioDisplay.srcs/sources_1/new/mouseDisplay.v"/>
        <Attr Name="ImportTime" Val="1680005190"/>
        <Attr Name="UsedIn" Val="synthesis"/>
        <Attr Name="UsedIn" Val="implementation"/>
        <Attr Name="UsedIn" Val="simulation"/>
      </FileInfo>
    </File>
    <File Path="$PSRCDIR/sources_1/new/seg_blocks.v">
      <FileInfo>
        <Attr Name="ImportPath" Val="$PPRDIR/../../../../Desktop/TeamTaskCompleted/MAD-2026/MouseAudioDisplay.srcs/sources_1/new/seg_blocks.v"/>
        <Attr Name="ImportTime" Val="1680005190"/>
        <Attr Name="UsedIn" Val="synthesis"/>
        <Attr Name="UsedIn" Val="implementation"/>
        <Attr Name="UsedIn" Val="simulation"/>
      </FileInfo>
    </File>
    <File Path="$PSRCDIR/sources_1/new/segment_display.v">
      <FileInfo>
        <Attr Name="ImportPath" Val="$PPRDIR/../../../../Desktop/TeamTaskCompleted/MAD-2026/MouseAudioDisplay.srcs/sources_1/new/segment_display.v"/>
        <Attr Name="ImportTime" Val="1680005190"/>
        <Attr Name="UsedIn" Val="synthesis"/>
        <Attr Name="UsedIn" Val="implementation"/>
        <Attr Name="UsedIn" Val="simulation"/>
      </FileInfo>
    </File>
    <File Path="$PSRCDIR/sources_1/new/segment_recog.v">
      <FileInfo>
        <Attr Name="ImportPath" Val="$PPRDIR/../../../../Desktop/TeamTaskCompleted/MAD-2026/MouseAudioDisplay.srcs/sources_1/new/segment_recog.v"/>
        <Attr Name="ImportTime" Val="1680018738"/>
        <Attr Name="UsedIn" Val="synthesis"/>
        <Attr Name="UsedIn" Val="implementation"/>
        <Attr Name="UsedIn" Val="simulation"/>
      </FileInfo>
    </File>
    <File Path="$PSRCDIR/sources_1/imports/Desktop/Audio_Output.vhd">
      <FileInfo>
        <Attr Name="ImportPath" Val="$PPRDIR/../../../../../../Audio_Output.vhd"/>
        <Attr Name="ImportTime" Val="1677251482"/>
        <Attr Name="UsedIn" Val="synthesis"/>
        <Attr Name="UsedIn" Val="simulation"/>
      </FileInfo>
    </File>
    <File Path="$PSRCDIR/sources_1/imports/Desktop/Mouse_Control.vhd">
      <FileInfo>
        <Attr Name="ImportPath" Val="$PPRDIR/../../../../../../Mouse_Control.vhd"/>
        <Attr Name="ImportTime" Val="1676185106"/>
        <Attr Name="UsedIn" Val="synthesis"/>
        <Attr Name="UsedIn" Val="simulation"/>
      </FileInfo>
    </File>
    <File Path="$PSRCDIR/sources_1/imports/Desktop/Ps2Interface.vhd">
      <FileInfo>
        <Attr Name="ImportPath" Val="$PPRDIR/../../../../../../Ps2Interface.vhd"/>
        <Attr Name="ImportTime" Val="1667157208"/>
        <Attr Name="UsedIn" Val="synthesis"/>
        <Attr Name="UsedIn" Val="simulation"/>
      </FileInfo>
    </File>
    <File Path="$PSRCDIR/sources_1/new/TeamTask.v">
      <FileInfo>
        <Attr Name="ImportPath" Val="$PPRDIR/../../../../Desktop/TeamTaskCompleted/MAD-2026/MouseAudioDisplay.srcs/sources_1/new/TeamTask.v"/>
        <Attr Name="ImportTime" Val="1680075357"/>
        <Attr Name="UsedIn" Val="synthesis"/>
        <Attr Name="UsedIn" Val="implementation"/>
        <Attr Name="UsedIn" Val="simulation"/>
      </FileInfo>
    </File>
    <File Path="$PSRCDIR/sources_1/new/buttonModule.v">
      <FileInfo>
        <Attr Name="AutoDisabled" Val="1"/>
        <Attr Name="ImportPath" Val="$PPRDIR/../../../../Desktop/TeamTaskCompleted/MAD-2026/MouseAudioDisplay.srcs/sources_1/new/buttonModule.v"/>
        <Attr Name="ImportTime" Val="1680005190"/>
        <Attr Name="UsedIn" Val="synthesis"/>
        <Attr Name="UsedIn" Val="implementation"/>
        <Attr Name="UsedIn" Val="simulation"/>
      </FileInfo>
    </File>
    <File Path="$PSRCDIR/sources_1/new/dbModule.v">
      <FileInfo>
        <Attr Name="AutoDisabled" Val="1"/>
        <Attr Name="ImportPath" Val="$PPRDIR/../../../../Desktop/TeamTaskCompleted/MAD-2026/MouseAudioDisplay.srcs/sources_1/new/dbModule.v"/>
        <Attr Name="ImportTime" Val="1680005190"/>
        <Attr Name="UsedIn" Val="synthesis"/>
        <Attr Name="UsedIn" Val="implementation"/>
        <Attr Name="UsedIn" Val="simulation"/>
      </FileInfo>
    </File>
    <File Path="$PSRCDIR/sources_1/new/ringerModule.v">
      <FileInfo>
        <Attr Name="AutoDisabled" Val="1"/>
        <Attr Name="ImportPath" Val="$PPRDIR/../../../../Desktop/TeamTaskCompleted/MAD-2026/MouseAudioDisplay.srcs/sources_1/new/ringerModule.v"/>
        <Attr Name="ImportTime" Val="1680005190"/>
        <Attr Name="UsedIn" Val="synthesis"/>
        <Attr Name="UsedIn" Val="implementation"/>
        <Attr Name="UsedIn" Val="simulation"/>
      </FileInfo>
    </File>
    <File Path="$PSRCDIR/sources_1/new/AudioOutModule.v">
      <FileInfo>
        <Attr Name="AutoDisabled" Val="1"/>
        <Attr Name="ImportPath" Val="$PPRDIR/../../../../Desktop/TeamTaskCompleted/MAD-2026/MouseAudioDisplay.srcs/sources_1/new/AudioOutModule.v"/>
        <Attr Name="ImportTime" Val="1680020516"/>
        <Attr Name="UsedIn" Val="synthesis"/>
        <Attr Name="UsedIn" Val="implementation"/>
        <Attr Name="UsedIn" Val="simulation"/>
      </FileInfo>
    </File>
    <File Path="$PSRCDIR/sources_1/new/Top_Student.v">
      <FileInfo>
        <Attr Name="AutoDisabled" Val="1"/>
        <Attr Name="ImportPath" Val="$PPRDIR/../../../../../SoundDisplay.srcs/sources_1/new/Top_Student.v"/>
        <Attr Name="ImportTime" Val="1570395690"/>
        <Attr Name="UsedIn" Val="synthesis"/>
        <Attr Name="UsedIn" Val="implementation"/>
        <Attr Name="UsedIn" Val="simulation"/>
      </FileInfo>
    </File>
    <File Path="$PSRCDIR/sources_1/new/AudioInModule.v">
      <FileInfo>
        <Attr Name="AutoDisabled" Val="1"/>
        <Attr Name="ImportPath" Val="$PPRDIR/../../../../Desktop/TeamTaskCompleted/MAD-2026/MouseAudioDisplay.srcs/sources_1/new/AudioInModule.v"/>
        <Attr Name="ImportTime" Val="1680005190"/>
        <Attr Name="UsedIn" Val="synthesis"/>
        <Attr Name="UsedIn" Val="implementation"/>
        <Attr Name="UsedIn" Val="simulation"/>
      </FileInfo>
    </File>
    <File Path="$PSRCDIR/sources_1/imports/Desktop/Audio_Input.v">
      <FileInfo>
        <Attr Name="AutoDisabled" Val="1"/>
        <Attr Name="ImportPath" Val="$PPRDIR/../../../../../../Audio_Input.v"/>
        <Attr Name="ImportTime" Val="1570395502"/>
        <Attr Name="UsedIn" Val="synthesis"/>
        <Attr Name="UsedIn" Val="implementation"/>
        <Attr Name="UsedIn" Val="simulation"/>
      </FileInfo>
    </File>
    <File Path="$PSRCDIR/sources_1/new/OledDigitsModule.v">
      <FileInfo>
        <Attr Name="AutoDisabled" Val="1"/>
        <Attr Name="ImportPath" Val="$PPRDIR/../../../../Desktop/TeamTaskCompleted/MAD-2026/MouseAudioDisplay.srcs/sources_1/new/OledDigitsModule.v"/>
        <Attr Name="ImportTime" Val="1680005190"/>
        <Attr Name="UsedIn" Val="synthesis"/>
        <Attr Name="UsedIn" Val="implementation"/>
        <Attr Name="UsedIn" Val="simulation"/>
      </FileInfo>
    </File>
    <File Path="$PSRCDIR/sources_1/new/SixTwoFive_CLOCK.v">
      <FileInfo>
        <Attr Name="AutoDisabled" Val="1"/>
        <Attr Name="ImportPath" Val="$PPRDIR/../../../../Desktop/TeamTaskCompleted/MAD-2026/MouseAudioDisplay.srcs/sources_1/new/SixTwoFive_CLOCK.v"/>
        <Attr Name="ImportTime" Val="1680005190"/>
        <Attr Name="UsedIn" Val="synthesis"/>
        <Attr Name="UsedIn" Val="implementation"/>
        <Attr Name="UsedIn" Val="simulation"/>
      </FileInfo>
    </File>
    <File Path="$PSRCDIR/sources_1/new/mouse_disp_indv.v">
      <FileInfo>
        <Attr Name="AutoDisabled" Val="1"/>
        <Attr Name="ImportPath" Val="$PPRDIR/../../../../Desktop/TeamTaskCompleted/MAD-2026/MouseAudioDisplay.srcs/sources_1/new/mouse_disp_indv.v"/>
        <Attr Name="ImportTime" Val="1680020130"/>
        <Attr Name="UsedIn" Val="synthesis"/>
        <Attr Name="UsedIn" Val="implementation"/>
        <Attr Name="UsedIn" Val="simulation"/>
      </FileInfo>
    </File>
    <File Path="$PSRCDIR/sources_1/new/oled_digit_0.v">
      <FileInfo>
        <Attr Name="AutoDisabled" Val="1"/>
        <Attr Name="ImportPath" Val="$PPRDIR/../../../../Desktop/TeamTaskCompleted/MAD-2026/MouseAudioDisplay.srcs/sources_1/new/oled_digit_0.v"/>
        <Attr Name="ImportTime" Val="1680005190"/>
        <Attr Name="UsedIn" Val="synthesis"/>
        <Attr Name="UsedIn" Val="implementation"/>
        <Attr Name="UsedIn" Val="simulation"/>
      </FileInfo>
    </File>
    <File Path="$PSRCDIR/sources_1/new/oled_digit_4.v">
      <FileInfo>
        <Attr Name="AutoDisabled" Val="1"/>
        <Attr Name="ImportPath" Val="$PPRDIR/../../../../Desktop/TeamTaskCompleted/MAD-2026/MouseAudioDisplay.srcs/sources_1/new/oled_digit_4.v"/>
        <Attr Name="ImportTime" Val="1680005190"/>
        <Attr Name="UsedIn" Val="synthesis"/>
        <Attr Name="UsedIn" Val="implementation"/>
        <Attr Name="UsedIn" Val="simulation"/>
      </FileInfo>
    </File>
    <File Path="$PSRCDIR/sources_1/new/oled_digit_5.v">
      <FileInfo>
        <Attr Name="AutoDisabled" Val="1"/>
        <Attr Name="ImportPath" Val="$PPRDIR/../../../../Desktop/TeamTaskCompleted/MAD-2026/MouseAudioDisplay.srcs/sources_1/new/oled_digit_5.v"/>
        <Attr Name="ImportTime" Val="1680005190"/>
        <Attr Name="UsedIn" Val="synthesis"/>
        <Attr Name="UsedIn" Val="implementation"/>
        <Attr Name="UsedIn" Val="simulation"/>
      </FileInfo>
    </File>
    <File Path="$PSRCDIR/sources_1/new/oled_digit_6.v">
      <FileInfo>
        <Attr Name="AutoDisabled" Val="1"/>
        <Attr Name="ImportPath" Val="$PPRDIR/../../../../Desktop/TeamTaskCompleted/MAD-2026/MouseAudioDisplay.srcs/sources_1/new/oled_digit_6.v"/>
        <Attr Name="ImportTime" Val="1680005190"/>
        <Attr Name="UsedIn" Val="synthesis"/>
        <Attr Name="UsedIn" Val="implementation"/>
        <Attr Name="UsedIn" Val="simulation"/>
      </FileInfo>
    </File>
    <File Path="$PSRCDIR/sources_1/new/segment.v">
      <FileInfo>
        <Attr Name="AutoDisabled" Val="1"/>
        <Attr Name="ImportPath" Val="$PPRDIR/../../../../Desktop/TeamTaskCompleted/MAD-2026/MouseAudioDisplay.srcs/sources_1/new/segment.v"/>
        <Attr Name="ImportTime" Val="1680020416"/>
        <Attr Name="UsedIn" Val="synthesis"/>
        <Attr Name="UsedIn" Val="implementation"/>
        <Attr Name="UsedIn" Val="simulation"/>
      </FileInfo>
    </File>
    <File Path="$PSRCDIR/sources_1/imports/MAD-2026/archive_project_summary.txt">
      <FileInfo>
        <Attr Name="ImportPath" Val="$PPRDIR/../../../../Desktop/TeamTaskCompleted/MAD-2026/archive_project_summary.txt"/>
        <Attr Name="ImportTime" Val="1680005180"/>
      </FileInfo>
    </File>
    <Config>
      <Option Name="DesignMode" Val="RTL"/>
      <Option Name="TopModule" Val="TeamTask"/>
    </Config>
  </FileSet>
  <FileSet Name="constrs_in" Type="Constrs" RelSrcDir="$PSRCDIR/constrs_1">
    <Filter Type="Constrs"/>
    <File Path="$PSRCDIR/constrs_1/new/Basys3_Master.xdc">
      <FileInfo>
        <Attr Name="ImportPath" Val="$PPRDIR/../../../../../SoundDisplay.srcs/constrs_1/new/Basys3_Master.xdc"/>
        <Attr Name="ImportTime" Val="1570394606"/>
        <Attr Name="UsedIn" Val="synthesis"/>
        <Attr Name="UsedIn" Val="implementation"/>
      </FileInfo>
    </File>
    <Config>
      <Option Name="ConstrsType" Val="XDC"/>
    </Config>
  </FileSet>
  <Strategy Version="1" Minor="2">
    <StratHandle Name="Vivado Implementation Defaults" Flow="Vivado Implementation 2018"/>
    <Step Id="init_design"/>
    <Step Id="opt_design"/>
    <Step Id="power_opt_design"/>
    <Step Id="place_design"/>
    <Step Id="post_place_power_opt_design"/>
    <Step Id="phys_opt_design"/>
    <Step Id="route_design"/>
    <Step Id="post_route_phys_opt_design"/>
    <Step Id="write_bitstream"/>
  </Strategy>
</GenRun>
