<?xml version="1.0" encoding="UTF-8"?>
<GenRun Id="synth_1" LaunchPart="xc7a35tcpg236-1" LaunchTime="1680020954">
  <File Type="PA-TCL" Name="TeamTask.tcl"/>
  <File Type="RDS-DCP" Name="TeamTask.dcp"/>
  <File Type="REPORTS-TCL" Name="TeamTask_reports.tcl"/>
  <File Type="RDS-RDS" Name="TeamTask.vds"/>
  <File Type="RDS-UTIL" Name="TeamTask_utilization_synth.rpt"/>
  <File Type="RDS-UTIL-PB" Name="TeamTask_utilization_synth.pb"/>
  <FileSet Name="sources" Type="DesignSrcs" RelSrcDir="$PSRCDIR/sources_1">
    <Filter Type="Srcs"/>
    <File Path="$PSRCDIR/sources_1/imports/Desktop/Oled_Display.v">
      <FileInfo>
        <Attr Name="ImportPath" Val="$PPRDIR/../../../../../../Oled_Display.v"/>
        <Attr Name="ImportTime" Val="1570395512"/>
        <Attr Name="UsedIn" Val="synthesis"/>
        <Attr Name="UsedIn" Val="implementation"/>
        <Attr Name="UsedIn" Val="simulation"/>
      </FileInfo>
    </File>
    <File Path="$PSRCDIR/sources_1/new/TeamBeeper.v">
      <FileInfo>
        <Attr Name="ImportPath" Val="$PPRDIR/../../../../Desktop/TeamTaskCompleted/MAD-2026/MouseAudioDisplay.srcs/sources_1/new/TeamBeeper.v"/>
        <Attr Name="ImportTime" Val="1680016834"/>
        <Attr Name="UsedIn" Val="synthesis"/>
        <Attr Name="UsedIn" Val="implementation"/>
        <Attr Name="UsedIn" Val="simulation"/>
      </FileInfo>
    </File>
    <File Path="$PSRCDIR/sources_1/new/ThousandHz.v">
      <FileInfo>
        <Attr Name="ImportPath" Val="$PPRDIR/../../../../Desktop/TeamTaskCompleted/MAD-2026/MouseAudioDisplay.srcs/sources_1/new/ThousandHz.v"/>
        <Attr Name="ImportTime" Val="1680005190"/>
        <Attr Name="UsedIn" Val="synthesis"/>
        <Attr Name="UsedIn" Val="implementation"/>
        <Attr Name="UsedIn" Val="simulation"/>
      </FileInfo>
    </File>
    <File Path="$PSRCDIR/sources_1/new/clk.v">
      <FileInfo>
        <Attr Name="ImportPath" Val="$PPRDIR/../../../../Desktop/TeamTaskCompleted/MAD-2026/MouseAudioDisplay.srcs/sources_1/new/clk.v"/>
        <Attr Name="ImportTime" Val="1680005190"/>
        <Attr Name="UsedIn" Val="synthesis"/>
        <Attr Name="UsedIn" Val="implementation"/>
        <Attr Name="UsedIn" Val="simulation"/>
      </FileInfo>
    </File>
    <File Path="$PSRCDIR/sources_1/new/clocks.v">
      <FileInfo>
        <Attr Name="ImportPath" Val="$PPRDIR/../../../../Desktop/TeamTaskCompleted/MAD-2026/MouseAudioDisplay.srcs/sources_1/new/clocks.v"/>
        <Attr Name="ImportTime" Val="1680005190"/>
        <Attr Name="UsedIn" Val="synthesis"/>
        <Attr Name="UsedIn" Val="implementation"/>
        <Attr Name="UsedIn" Val="simulation"/>
      </FileInfo>
    </File>
    <File Path="$PSRCDIR/sources_1/new/convertXY.v">
      <FileInfo>
        <Attr Name="ImportPath" Val="$PPRDIR/../../../../Desktop/TeamTaskCompleted/MAD-2026/MouseAudioDisplay.srcs/sources_1/new/convertXY.v"/>
        <Attr Name="ImportTime" Val="1680005190"/>
        <Attr Name="UsedIn" Val="synthesis"/>
        <Attr Name="UsedIn" Val="implementation"/>
        <Attr Name="UsedIn" Val="simulation"/>
      </FileInfo>
    </File>
    <File Path="$PSRCDIR/sources_1/new/debouncer.v">
      <FileInfo>
        <Attr Name="ImportPath" Val="$PPRDIR/../../../../Desktop/TeamTaskCompleted/MAD-2026/MouseAudioDisplay.srcs/sources_1/new/debouncer.v"/>
        <Attr Name="ImportTime" Val="1680005190"/>
        <Attr Name="UsedIn" Val="synthesis"/>
        <Attr Name="UsedIn" Val="implementation"/>
        <Attr Name="UsedIn" Val="simulation"/>
      </FileInfo>
    </File>
    <File Path="$PSRCDIR/sources_1/new/handleClick.v">
      <FileInfo>
        <Attr Name="ImportPath" Val="$PPRDIR/../../../../Desktop/TeamTaskCompleted/MAD-2026/MouseAudioDisplay.srcs/sources_1/new/handleClick.v"/>
        <Attr Name="ImportTime" Val="1680005190"/>
        <Attr Name="UsedIn" Val="synthesis"/>
        <Attr Name="UsedIn" Val="implementation"/>
        <Attr Name="UsedIn" Val="simulation"/>
      </FileInfo>
    </File>
    <File Path="$PSRCDIR/sources_1/new/mouseDisplay.v">
      <FileInfo>
        <Attr Name="ImportPath" Val="$PPRDIR/../../../../Desktop/TeamTaskCompleted/MAD-2026/MouseAudioDisplay.srcs/sources_1/new/mouseDisplay.v"/>
        <Attr Name="ImportTime" Val="1680005190"/>
        <Attr Name="UsedIn" Val="synthesis"/>
        <Attr Name="UsedIn" Val="implementation"/>
        <Attr Name="UsedIn" Val="simulation"/>
      </FileInfo>
    </File>
    <File Path="$PSRCDIR/sources_1/new/seg_blocks.v">
      <FileInfo>
        <Attr Name="ImportPath" Val="$PPRDIR/../../../../Desktop/TeamTaskCompleted/MAD-2026/MouseAudioDisplay.srcs/sources_1/new/seg_blocks.v"/>
        <Attr Name="ImportTime" Val="1680005190"/>
        <Attr Name="UsedIn" Val="synthesis"/>
        <Attr Name="UsedIn" Val="implementation"/>
        <Attr Name="UsedIn" Val="simulation"/>
      </FileInfo>
    </File>
    <File Path="$PSRCDIR/sources_1/new/segment_display.v">
      <FileInfo>
        <Attr Name="ImportPath" Val="$PPRDIR/../../../../Desktop/TeamTaskCompleted/MAD-2026/MouseAudioDisplay.srcs/sources_1/new/segment_display.v"/>
        <Attr Name="ImportTime" Val="1680005190"/>
        <Attr Name="UsedIn" Val="synthesis"/>
        <Attr Name="UsedIn" Val="implementation"/>
        <Attr Name="UsedIn" Val="simulation"/>
      </FileInfo>
    </File>
    <File Path="$PSRCDIR/sources_1/new/segment_recog.v">
      <FileInfo>
        <Attr Name="ImportPath" Val="$PPRDIR/../../../../Desktop/TeamTaskCompleted/MAD-2026/MouseAudioDisplay.srcs/sources_1/new/segment_recog.v"/>
        <Attr Name="ImportTime" Val="1680018738"/>
        <Attr Name="UsedIn" Val="synthesis"/>
        <Attr Name="UsedIn" Val="implementation"/>
        <Attr Name="UsedIn" Val="simulation"/>
      </FileInfo>
    </File>
    <File Path="$PSRCDIR/sources_1/imports/Desktop/Audio_Output.vhd">
      <FileInfo>
        <Attr Name="ImportPath" Val="$PPRDIR/../../../../../../Audio_Output.vhd"/>
        <Attr Name="ImportTime" Val="1677251482"/>
        <Attr Name="UsedIn" Val="synthesis"/>
        <Attr Name="UsedIn" Val="simulation"/>
      </FileInfo>
    </File>
    <File Path="$PSRCDIR/sources_1/imports/Desktop/Mouse_Control.vhd">
      <FileInfo>
        <Attr Name="ImportPath" Val="$PPRDIR/../../../../../../Mouse_Control.vhd"/>
        <Attr Name="ImportTime" Val="1676185106"/>
        <Attr Name="UsedIn" Val="synthesis"/>
        <Attr Name="UsedIn" Val="simulation"/>
      </FileInfo>
    </File>
    <File Path="$PSRCDIR/sources_1/imports/Desktop/Ps2Interface.vhd">
      <FileInfo>
        <Attr Name="ImportPath" Val="$PPRDIR/../../../../../../Ps2Interface.vhd"/>
        <Attr Name="ImportTime" Val="1667157208"/>
        <Attr Name="UsedIn" Val="synthesis"/>
        <Attr Name="UsedIn" Val="simulation"/>
      </FileInfo>
    </File>
    <File Path="$PSRCDIR/sources_1/new/TeamTask.v">
      <FileInfo>
        <Attr Name="ImportPath" Val="$PPRDIR/../../../../Desktop/TeamTaskCompleted/MAD-2026/MouseAudioDisplay.srcs/sources_1/new/TeamTask.v"/>
        <Attr Name="ImportTime" Val="1680075357"/>
        <Attr Name="UsedIn" Val="synthesis"/>
        <Attr Name="UsedIn" Val="implementation"/>
        <Attr Name="UsedIn" Val="simulation"/>
      </FileInfo>
    </File>
    <File Path="$PSRCDIR/sources_1/new/buttonModule.v">
      <FileInfo>
        <Attr Name="AutoDisabled" Val="1"/>
        <Attr Name="ImportPath" Val="$PPRDIR/../../../../Desktop/TeamTaskCompleted/MAD-2026/MouseAudioDisplay.srcs/sources_1/new/buttonModule.v"/>
        <Attr Name="ImportTime" Val="1680005190"/>
        <Attr Name="UsedIn" Val="synthesis"/>
        <Attr Name="UsedIn" Val="implementation"/>
        <Attr Name="UsedIn" Val="simulation"/>
      </FileInfo>
    </File>
    <File Path="$PSRCDIR/sources_1/new/dbModule.v">
      <FileInfo>
        <Attr Name="AutoDisabled" Val="1"/>
        <Attr Name="ImportPath" Val="$PPRDIR/../../../../Desktop/TeamTaskCompleted/MAD-2026/MouseAudioDisplay.srcs/sources_1/new/dbModule.v"/>
        <Attr Name="ImportTime" Val="1680005190"/>
        <Attr Name="UsedIn" Val="synthesis"/>
        <Attr Name="UsedIn" Val="implementation"/>
        <Attr Name="UsedIn" Val="simulation"/>
      </FileInfo>
    </File>
    <File Path="$PSRCDIR/sources_1/new/ringerModule.v">
      <FileInfo>
        <Attr Name="AutoDisabled" Val="1"/>
        <Attr Name="ImportPath" Val="$PPRDIR/../../../../Desktop/TeamTaskCompleted/MAD-2026/MouseAudioDisplay.srcs/sources_1/new/ringerModule.v"/>
        <Attr Name="ImportTime" Val="1680005190"/>
        <Attr Name="UsedIn" Val="synthesis"/>
        <Attr Name="UsedIn" Val="implementation"/>
        <Attr Name="UsedIn" Val="simulation"/>
      </FileInfo>
    </File>
    <File Path="$PSRCDIR/sources_1/new/AudioOutModule.v">
      <FileInfo>
        <Attr Name="AutoDisabled" Val="1"/>
        <Attr Name="ImportPath" Val="$PPRDIR/../../../../Desktop/TeamTaskCompleted/MAD-2026/MouseAudioDisplay.srcs/sources_1/new/AudioOutModule.v"/>
        <Attr Name="ImportTime" Val="1680020516"/>
        <Attr Name="UsedIn" Val="synthesis"/>
        <Attr Name="UsedIn" Val="implementation"/>
        <Attr Name="UsedIn" Val="simulation"/>
      </FileInfo>
    </File>
    <File Path="$PSRCDIR/sources_1/new/Top_Student.v">
      <FileInfo>
        <Attr Name="AutoDisabled" Val="1"/>
        <Attr Name="ImportPath" Val="$PPRDIR/../../../../../SoundDisplay.srcs/sources_1/new/Top_Student.v"/>
        <Attr Name="ImportTime" Val="1570395690"/>
        <Attr Name="UsedIn" Val="synthesis"/>
        <Attr Name="UsedIn" Val="implementation"/>
        <Attr Name="UsedIn" Val="simulation"/>
      </FileInfo>
    </File>
    <File Path="$PSRCDIR/sources_1/new/AudioInModule.v">
      <FileInfo>
        <Attr Name="AutoDisabled" Val="1"/>
        <Attr Name="ImportPath" Val="$PPRDIR/../../../../Desktop/TeamTaskCompleted/MAD-2026/MouseAudioDisplay.srcs/sources_1/new/AudioInModule.v"/>
        <Attr Name="ImportTime" Val="1680005190"/>
        <Attr Name="UsedIn" Val="synthesis"/>
        <Attr Name="UsedIn" Val="implementation"/>
        <Attr Name="UsedIn" Val="simulation"/>
      </FileInfo>
    </File>
    <File Path="$PSRCDIR/sources_1/imports/Desktop/Audio_Input.v">
      <FileInfo>
        <Attr Name="AutoDisabled" Val="1"/>
        <Attr Name="ImportPath" Val="$PPRDIR/../../../../../../Audio_Input.v"/>
        <Attr Name="ImportTime" Val="1570395502"/>
        <Attr Name="UsedIn" Val="synthesis"/>
        <Attr Name="UsedIn" Val="implementation"/>
        <Attr Name="UsedIn" Val="simulation"/>
      </FileInfo>
    </File>
    <File Path="$PSRCDIR/sources_1/new/OledDigitsModule.v">
      <FileInfo>
        <Attr Name="AutoDisabled" Val="1"/>
        <Attr Name="ImportPath" Val="$PPRDIR/../../../../Desktop/TeamTaskCompleted/MAD-2026/MouseAudioDisplay.srcs/sources_1/new/OledDigitsModule.v"/>
        <Attr Name="ImportTime" Val="1680005190"/>
        <Attr Name="UsedIn" Val="synthesis"/>
        <Attr Name="UsedIn" Val="implementation"/>
        <Attr Name="UsedIn" Val="simulation"/>
      </FileInfo>
    </File>
    <File Path="$PSRCDIR/sources_1/new/SixTwoFive_CLOCK.v">
      <FileInfo>
        <Attr Name="AutoDisabled" Val="1"/>
        <Attr Name="ImportPath" Val="$PPRDIR/../../../../Desktop/TeamTaskCompleted/MAD-2026/MouseAudioDisplay.srcs/sources_1/new/SixTwoFive_CLOCK.v"/>
        <Attr Name="ImportTime" Val="1680005190"/>
        <Attr Name="UsedIn" Val="synthesis"/>
        <Attr Name="UsedIn" Val="implementation"/>
        <Attr Name="UsedIn" Val="simulation"/>
      </FileInfo>
    </File>
    <File Path="$PSRCDIR/sources_1/new/mouse_disp_indv.v">
      <FileInfo>
        <Attr Name="AutoDisabled" Val="1"/>
        <Attr Name="ImportPath" Val="$PPRDIR/../../../../Desktop/TeamTaskCompleted/MAD-2026/MouseAudioDisplay.srcs/sources_1/new/mouse_disp_indv.v"/>
        <Attr Name="ImportTime" Val="1680020130"/>
        <Attr Name="UsedIn" Val="synthesis"/>
        <Attr Name="UsedIn" Val="implementation"/>
        <Attr Name="UsedIn" Val="simulation"/>
      </FileInfo>
    </File>
    <File Path="$PSRCDIR/sources_1/new/oled_digit_0.v">
      <FileInfo>
        <Attr Name="AutoDisabled" Val="1"/>
        <Attr Name="ImportPath" Val="$PPRDIR/../../../../Desktop/TeamTaskCompleted/MAD-2026/MouseAudioDisplay.srcs/sources_1/new/oled_digit_0.v"/>
        <Attr Name="ImportTime" Val="1680005190"/>
        <Attr Name="UsedIn" Val="synthesis"/>
        <Attr Name="UsedIn" Val="implementation"/>
        <Attr Name="UsedIn" Val="simulation"/>
      </FileInfo>
    </File>
    <File Path="$PSRCDIR/sources_1/new/oled_digit_4.v">
      <FileInfo>
        <Attr Name="AutoDisabled" Val="1"/>
        <Attr Name="ImportPath" Val="$PPRDIR/../../../../Desktop/TeamTaskCompleted/MAD-2026/MouseAudioDisplay.srcs/sources_1/new/oled_digit_4.v"/>
        <Attr Name="ImportTime" Val="1680005190"/>
        <Attr Name="UsedIn" Val="synthesis"/>
        <Attr Name="UsedIn" Val="implementation"/>
        <Attr Name="UsedIn" Val="simulation"/>
      </FileInfo>
    </File>
    <File Path="$PSRCDIR/sources_1/new/oled_digit_5.v">
      <FileInfo>
        <Attr Name="AutoDisabled" Val="1"/>
        <Attr Name="ImportPath" Val="$PPRDIR/../../../../Desktop/TeamTaskCompleted/MAD-2026/MouseAudioDisplay.srcs/sources_1/new/oled_digit_5.v"/>
        <Attr Name="ImportTime" Val="1680005190"/>
        <Attr Name="UsedIn" Val="synthesis"/>
        <Attr Name="UsedIn" Val="implementation"/>
        <Attr Name="UsedIn" Val="simulation"/>
      </FileInfo>
    </File>
    <File Path="$PSRCDIR/sources_1/new/oled_digit_6.v">
      <FileInfo>
        <Attr Name="AutoDisabled" Val="1"/>
        <Attr Name="ImportPath" Val="$PPRDIR/../../../../Desktop/TeamTaskCompleted/MAD-2026/MouseAudioDisplay.srcs/sources_1/new/oled_digit_6.v"/>
        <Attr Name="ImportTime" Val="1680005190"/>
        <Attr Name="UsedIn" Val="synthesis"/>
        <Attr Name="UsedIn" Val="implementation"/>
        <Attr Name="UsedIn" Val="simulation"/>
      </FileInfo>
    </File>
    <File Path="$PSRCDIR/sources_1/new/segment.v">
      <FileInfo>
        <Attr Name="AutoDisabled" Val="1"/>
        <Attr Name="ImportPath" Val="$PPRDIR/../../../../Desktop/TeamTaskCompleted/MAD-2026/MouseAudioDisplay.srcs/sources_1/new/segment.v"/>
        <Attr Name="ImportTime" Val="1680020416"/>
        <Attr Name="UsedIn" Val="synthesis"/>
        <Attr Name="UsedIn" Val="implementation"/>
        <Attr Name="UsedIn" Val="simulation"/>
      </FileInfo>
    </File>
    <File Path="$PSRCDIR/sources_1/imports/MAD-2026/archive_project_summary.txt">
      <FileInfo>
        <Attr Name="ImportPath" Val="$PPRDIR/../../../../Desktop/TeamTaskCompleted/MAD-2026/archive_project_summary.txt"/>
        <Attr Name="ImportTime" Val="1680005180"/>
      </FileInfo>
    </File>
    <Config>
      <Option Name="DesignMode" Val="RTL"/>
      <Option Name="TopModule" Val="TeamTask"/>
    </Config>
  </FileSet>
  <FileSet Name="constrs_in" Type="Constrs" RelSrcDir="$PSRCDIR/constrs_1">
    <Filter Type="Constrs"/>
    <File Path="$PSRCDIR/constrs_1/new/Basys3_Master.xdc">
      <FileInfo>
        <Attr Name="ImportPath" Val="$PPRDIR/../../../../../SoundDisplay.srcs/constrs_1/new/Basys3_Master.xdc"/>
        <Attr Name="ImportTime" Val="1570394606"/>
        <Attr Name="UsedIn" Val="synthesis"/>
        <Attr Name="UsedIn" Val="implementation"/>
      </FileInfo>
    </File>
    <Config>
      <Option Name="ConstrsType" Val="XDC"/>
    </Config>
  </FileSet>
  <Strategy Version="1" Minor="2">
    <StratHandle Name="Vivado Synthesis Defaults" Flow="Vivado Synthesis 2018"/>
    <Step Id="synth_design"/>
  </Strategy>
</GenRun>
